{"cameraMode":{"drawMode":0,"name":"Shaded","section":"Shading Mode"},"sceneLighting":false,"audioPlay":false,"sceneViewState":{"showFog":true,"showMaterialUpdate":true,"showSkybox":false,"showFlares":true,"showImageEffects":true,"showParticleSystems":true},"in2DMode":false,"pivot":{"x":904.9921264648438,"y":498.3812255859375,"z":-216.6376953125},"rotation":{"x":-0.10138345509767533,"y":0.6712049245834351,"z":-0.09343065321445465,"w":-0.7283389568328857},"size":4.810815811157227,"orthographic":false}